{"cameraMode":{"drawMode":0,"name":"Shaded","section":"Shading Mode"},"sceneLighting":false,"audioPlay":false,"sceneViewState":{"m_AlwaysRefresh":true,"showFog":true,"showSkybox":false,"showFlares":true,"showImageEffects":true,"showParticleSystems":true,"showVisualEffectGraphs":true,"m_FxEnabled":true},"in2DMode":false,"pivot":{"x":0.000012278556823730469,"y":0.7658880949020386,"z":0.006366819143295288},"rotation":{"x":0.06726084649562836,"y":0.6864917278289795,"z":-0.0640435516834259,"w":0.7211324572563171},"size":1.1369637250900269,"orthographic":false}