{"cameraMode":{"drawMode":0,"name":"Shaded","section":"Shading Mode"},"sceneLighting":false,"audioPlay":false,"sceneViewState":{"m_AlwaysRefresh":true,"showFog":true,"showSkybox":false,"showFlares":true,"showImageEffects":true,"showParticleSystems":true,"showVisualEffectGraphs":true,"m_FxEnabled":true},"in2DMode":false,"pivot":{"x":-0.05384552478790283,"y":0.8632989525794983,"z":-0.23013591766357423},"rotation":{"x":0.02105405554175377,"y":-0.9313927888870239,"z":0.054554667323827746,"w":0.359207421541214},"size":1.0664830207824708,"orthographic":false}