{"cameraMode":{"drawMode":0,"name":"Shaded","section":"Shading Mode"},"sceneLighting":false,"audioPlay":false,"sceneViewState":{"m_AlwaysRefresh":false,"showFog":false,"showSkybox":false,"showFlares":false,"showImageEffects":false,"showParticleSystems":false,"showVisualEffectGraphs":true,"m_FxEnabled":true},"in2DMode":false,"pivot":{"x":0.40836668014526369,"y":0.015507400035858155,"z":-1.1312897205352784},"rotation":{"x":0.02029108628630638,"y":0.9677546620368958,"z":-0.0829588994383812,"w":0.2368277907371521},"size":1.2974644899368287,"orthographic":false}