{"cameraMode":{"drawMode":0,"name":"Shaded","section":"Shading Mode"},"sceneLighting":true,"audioPlay":false,"sceneViewState":{"m_AlwaysRefresh":true,"showFog":true,"showSkybox":true,"showFlares":true,"showImageEffects":true,"showParticleSystems":true,"showVisualEffectGraphs":true,"m_FxEnabled":true},"in2DMode":false,"pivot":{"x":1.7045749425888062,"y":0.9900793433189392,"z":0.1177886426448822},"rotation":{"x":0.058488402515649798,"y":0.6586992144584656,"z":-0.051498834043741229,"w":0.7483121752738953},"size":1.944263219833374,"orthographic":false}