{"cameraMode":{"drawMode":0,"name":"Shaded","section":"Shading Mode"},"sceneLighting":false,"audioPlay":false,"sceneViewState":{"m_AlwaysRefresh":true,"showFog":true,"showSkybox":false,"showFlares":true,"showImageEffects":true,"showParticleSystems":true,"showVisualEffectGraphs":true,"m_FxEnabled":true},"in2DMode":false,"pivot":{"x":-0.6372120380401611,"y":1.0760329961776734,"z":-0.32292431592941286},"rotation":{"x":0.054643820971250537,"y":0.9266423583030701,"z":0.1485845297574997,"w":-0.34087899327278139},"size":1.042661428451538,"orthographic":false}